{
  "project_info": {
    "project_number": "589813460674",
    "project_id": "autism-8zxypv",
    "storage_bucket": "autism-8zxypv.appspot.com"
  },
  "client": [
    {
      "client_info": {
        "mobilesdk_app_id": "1:589813460674:android:3cfbe3298faae4ea25d55b",
        "android_client_info": {
          "package_name": "com.mycompany.autism"
        }
      },
      "oauth_client": [],
      "api_key": [
        {
          "current_key": "AIzaSyDuufA1IwvkwW9q1Gdd0krW8Y8RMqW_fsM"
        }
      ],
      "services": {
        "appinvite_service": {
          "other_platform_oauth_client": []
        }
      }
    }
  ],
  "configuration_version": "1"
}